Event Index,UTC Timestamp,UTC Date,Local Timestamp,Local Timezone,Local Date,Experiment ID,Experiment Version,Tree Node Key,Repeat Key,Schedule ID,Participant Public ID,Participant Private ID,Participant Starting Group,Participant Status,Participant Completion Code,Participant External Session ID,Participant Device Type,Participant Device,Participant OS,Participant Browser,Participant Monitor Size,Participant Viewport Size,Checkpoint,Task Name,Task Version,Randomise questionnaire elements?,Question Key,Response
1,1650506977837,21/04/2022 02:09:37,1650506977677,-5,20/04/2022 21:09:37,86280,3,questionnaire-j7ji,,21399409,BLIND,6330695,,complete,,,mobile,Apple iPhone,iOS 15.4,Mobile Safari 15.4,375x812,375x595,,Ethics Dark Patterns,4,No,BEGIN QUESTIONNAIRE,
2,1650507109309,21/04/2022 02:11:49,1650507108791,-5,20/04/2022 21:11:48,86280,3,questionnaire-j7ji,,21399409,BLIND,6330695,,complete,,,mobile,Apple iPhone,iOS 15.4,Mobile Safari 15.4,375x812,375x595,,Ethics Dark Patterns,4,No,response-1,18-24 years old
3,1650507109465,21/04/2022 02:11:49,1650507108822,-5,20/04/2022 21:11:48,86280,3,questionnaire-j7ji,,21399409,BLIND,6330695,,complete,,,mobile,Apple iPhone,iOS 15.4,Mobile Safari 15.4,375x812,375x595,,Ethics Dark Patterns,4,No,response-1-quantised,3
4,1650507109465,21/04/2022 02:11:49,1650507108822,-5,20/04/2022 21:11:48,86280,3,questionnaire-j7ji,,21399409,BLIND,6330695,,complete,,,mobile,Apple iPhone,iOS 15.4,Mobile Safari 15.4,375x812,375x595,,Ethics Dark Patterns,4,No,response-2-hour,00
5,1650507109465,21/04/2022 02:11:49,1650507108822,-5,20/04/2022 21:11:48,86280,3,questionnaire-j7ji,,21399409,BLIND,6330695,,complete,,,mobile,Apple iPhone,iOS 15.4,Mobile Safari 15.4,375x812,375x595,,Ethics Dark Patterns,4,No,response-2-minute,00
6,1650507109465,21/04/2022 02:11:49,1650507108822,-5,20/04/2022 21:11:48,86280,3,questionnaire-j7ji,,21399409,BLIND,6330695,,complete,,,mobile,Apple iPhone,iOS 15.4,Mobile Safari 15.4,375x812,375x595,,Ethics Dark Patterns,4,No,response-3,"""Yes! Please protect my expensive trip for $30"""
7,1650507109465,21/04/2022 02:11:49,1650507108822,-5,20/04/2022 21:11:48,86280,3,questionnaire-j7ji,,21399409,BLIND,6330695,,complete,,,mobile,Apple iPhone,iOS 15.4,Mobile Safari 15.4,375x812,375x595,,Ethics Dark Patterns,4,No,response-3-quantised,1
8,1650507109465,21/04/2022 02:11:49,1650507108822,-5,20/04/2022 21:11:48,86280,3,questionnaire-j7ji,,21399409,BLIND,6330695,,complete,,,mobile,Apple iPhone,iOS 15.4,Mobile Safari 15.4,375x812,375x595,,Ethics Dark Patterns,4,No,response-4,flight insurance 
9,1650507109465,21/04/2022 02:11:49,1650507108822,-5,20/04/2022 21:11:48,86280,3,questionnaire-j7ji,,21399409,BLIND,6330695,,complete,,,mobile,Apple iPhone,iOS 15.4,Mobile Safari 15.4,375x812,375x595,,Ethics Dark Patterns,4,No,response-5-hour,00
10,1650507109465,21/04/2022 02:11:49,1650507108822,-5,20/04/2022 21:11:48,86280,3,questionnaire-j7ji,,21399409,BLIND,6330695,,complete,,,mobile,Apple iPhone,iOS 15.4,Mobile Safari 15.4,375x812,375x595,,Ethics Dark Patterns,4,No,response-5-minute,00
11,1650507109465,21/04/2022 02:11:49,1650507108822,-5,20/04/2022 21:11:48,86280,3,questionnaire-j7ji,,21399409,BLIND,6330695,,complete,,,mobile,Apple iPhone,iOS 15.4,Mobile Safari 15.4,375x812,375x595,,Ethics Dark Patterns,4,No,response-6,Purchase Optional Flight Protection for $30
12,1650507109465,21/04/2022 02:11:49,1650507108822,-5,20/04/2022 21:11:48,86280,3,questionnaire-j7ji,,21399409,BLIND,6330695,,complete,,,mobile,Apple iPhone,iOS 15.4,Mobile Safari 15.4,375x812,375x595,,Ethics Dark Patterns,4,No,response-6-quantised,1
13,1650507109465,21/04/2022 02:11:49,1650507108822,-5,20/04/2022 21:11:48,86280,3,questionnaire-j7ji,,21399409,BLIND,6330695,,complete,,,mobile,Apple iPhone,iOS 15.4,Mobile Safari 15.4,375x812,375x595,,Ethics Dark Patterns,4,No,response-7,flight insurance 
14,1650507109465,21/04/2022 02:11:49,1650507108822,-5,20/04/2022 21:11:48,86280,3,questionnaire-j7ji,,21399409,BLIND,6330695,,complete,,,mobile,Apple iPhone,iOS 15.4,Mobile Safari 15.4,375x812,375x595,,Ethics Dark Patterns,4,No,response-8-hour,00
15,1650507109465,21/04/2022 02:11:49,1650507108822,-5,20/04/2022 21:11:48,86280,3,questionnaire-j7ji,,21399409,BLIND,6330695,,complete,,,mobile,Apple iPhone,iOS 15.4,Mobile Safari 15.4,375x812,375x595,,Ethics Dark Patterns,4,No,response-8-minute,00
16,1650507109465,21/04/2022 02:11:49,1650507108823,-5,20/04/2022 21:11:48,86280,3,questionnaire-j7ji,,21399409,BLIND,6330695,,complete,,,mobile,Apple iPhone,iOS 15.4,Mobile Safari 15.4,375x812,375x595,,Ethics Dark Patterns,4,No,END QUESTIONNAIRE,131146
1,1650506995844,21/04/2022 02:09:55,1650506995673,-4,20/04/2022 22:09:55,86280,3,questionnaire-j7ji,,21399412,BLIND,6330697,,complete,,,mobile,Apple iPhone,iOS 15.4,Chrome 100.0.4896.85,390x844,390x669,,Ethics Dark Patterns,4,No,BEGIN QUESTIONNAIRE,
2,1650507151374,21/04/2022 02:12:31,1650507150656,-4,20/04/2022 22:12:30,86280,3,questionnaire-j7ji,,21399412,BLIND,6330697,,complete,,,mobile,Apple iPhone,iOS 15.4,Chrome 100.0.4896.85,390x844,390x669,,Ethics Dark Patterns,4,No,response-1,18-24 years old
3,1650507151586,21/04/2022 02:12:31,1650507150659,-4,20/04/2022 22:12:30,86280,3,questionnaire-j7ji,,21399412,BLIND,6330697,,complete,,,mobile,Apple iPhone,iOS 15.4,Chrome 100.0.4896.85,390x844,390x669,,Ethics Dark Patterns,4,No,response-1-quantised,3
4,1650507151586,21/04/2022 02:12:31,1650507150659,-4,20/04/2022 22:12:30,86280,3,questionnaire-j7ji,,21399412,BLIND,6330697,,complete,,,mobile,Apple iPhone,iOS 15.4,Chrome 100.0.4896.85,390x844,390x669,,Ethics Dark Patterns,4,No,response-2-hour,10
5,1650507151586,21/04/2022 02:12:31,1650507150659,-4,20/04/2022 22:12:30,86280,3,questionnaire-j7ji,,21399412,BLIND,6330697,,complete,,,mobile,Apple iPhone,iOS 15.4,Chrome 100.0.4896.85,390x844,390x669,,Ethics Dark Patterns,4,No,response-2-minute,11
6,1650507151586,21/04/2022 02:12:31,1650507150659,-4,20/04/2022 22:12:30,86280,3,questionnaire-j7ji,,21399412,BLIND,6330697,,complete,,,mobile,Apple iPhone,iOS 15.4,Chrome 100.0.4896.85,390x844,390x669,,Ethics Dark Patterns,4,No,response-3,"""No I don't want to protect my $350 trip"""
7,1650507151586,21/04/2022 02:12:31,1650507150659,-4,20/04/2022 22:12:30,86280,3,questionnaire-j7ji,,21399412,BLIND,6330697,,complete,,,mobile,Apple iPhone,iOS 15.4,Chrome 100.0.4896.85,390x844,390x669,,Ethics Dark Patterns,4,No,response-3-quantised,2
8,1650507151586,21/04/2022 02:12:31,1650507150659,-4,20/04/2022 22:12:30,86280,3,questionnaire-j7ji,,21399412,BLIND,6330697,,complete,,,mobile,Apple iPhone,iOS 15.4,Chrome 100.0.4896.85,390x844,390x669,,Ethics Dark Patterns,4,No,response-4,flight protection that will help me reschedule/reimburse me if something happens to my flight
9,1650507151586,21/04/2022 02:12:31,1650507150659,-4,20/04/2022 22:12:30,86280,3,questionnaire-j7ji,,21399412,BLIND,6330697,,complete,,,mobile,Apple iPhone,iOS 15.4,Chrome 100.0.4896.85,390x844,390x669,,Ethics Dark Patterns,4,No,response-5-hour,10
10,1650507151586,21/04/2022 02:12:31,1650507150659,-4,20/04/2022 22:12:30,86280,3,questionnaire-j7ji,,21399412,BLIND,6330697,,complete,,,mobile,Apple iPhone,iOS 15.4,Chrome 100.0.4896.85,390x844,390x669,,Ethics Dark Patterns,4,No,response-5-minute,11
11,1650507151586,21/04/2022 02:12:31,1650507150659,-4,20/04/2022 22:12:30,86280,3,questionnaire-j7ji,,21399412,BLIND,6330697,,complete,,,mobile,Apple iPhone,iOS 15.4,Chrome 100.0.4896.85,390x844,390x669,,Ethics Dark Patterns,4,No,response-6,Do not purchase Optional Flight Protection for $30
12,1650507151586,21/04/2022 02:12:31,1650507150659,-4,20/04/2022 22:12:30,86280,3,questionnaire-j7ji,,21399412,BLIND,6330697,,complete,,,mobile,Apple iPhone,iOS 15.4,Chrome 100.0.4896.85,390x844,390x669,,Ethics Dark Patterns,4,No,response-6-quantised,2
13,1650507151586,21/04/2022 02:12:31,1650507150659,-4,20/04/2022 22:12:30,86280,3,questionnaire-j7ji,,21399412,BLIND,6330697,,complete,,,mobile,Apple iPhone,iOS 15.4,Chrome 100.0.4896.85,390x844,390x669,,Ethics Dark Patterns,4,No,response-7,same thing as before 
14,1650507151586,21/04/2022 02:12:31,1650507150659,-4,20/04/2022 22:12:30,86280,3,questionnaire-j7ji,,21399412,BLIND,6330697,,complete,,,mobile,Apple iPhone,iOS 15.4,Chrome 100.0.4896.85,390x844,390x669,,Ethics Dark Patterns,4,No,response-8-hour,10
15,1650507151586,21/04/2022 02:12:31,1650507150659,-4,20/04/2022 22:12:30,86280,3,questionnaire-j7ji,,21399412,BLIND,6330697,,complete,,,mobile,Apple iPhone,iOS 15.4,Chrome 100.0.4896.85,390x844,390x669,,Ethics Dark Patterns,4,No,response-8-minute,12
16,1650507151586,21/04/2022 02:12:31,1650507150660,-4,20/04/2022 22:12:30,86280,3,questionnaire-j7ji,,21399412,BLIND,6330697,,complete,,,mobile,Apple iPhone,iOS 15.4,Chrome 100.0.4896.85,390x844,390x669,,Ethics Dark Patterns,4,No,END QUESTIONNAIRE,154987
1,1650507360452,21/04/2022 02:16:00,1650507360313,-4,20/04/2022 22:16:00,86280,3,questionnaire-j7ji,,21399441,BLIND,6330701,,complete,,,mobile,Apple iPhone,iOS 15.4.1,Mobile Safari 15.4.1,428x926,428x740,,Ethics Dark Patterns,4,No,BEGIN QUESTIONNAIRE,
2,1650507362499,21/04/2022 02:16:02,1650507362430,-4,20/04/2022 22:16:02,86280,3,questionnaire-j7ji,,21399441,BLIND,6330701,,complete,,,mobile,Apple iPhone,iOS 15.4.1,Mobile Safari 15.4.1,428x926,428x740,,Ethics Dark Patterns,4,No,BEGIN QUESTIONNAIRE,
3,1650507689975,21/04/2022 02:21:29,1650507689465,-4,20/04/2022 22:21:29,86280,3,questionnaire-j7ji,,21399441,BLIND,6330701,,complete,,,mobile,Apple iPhone,iOS 15.4.1,Mobile Safari 15.4.1,428x926,428x845,,Ethics Dark Patterns,4,No,response-1,55-64 years old
4,1650507690132,21/04/2022 02:21:30,1650507689468,-4,20/04/2022 22:21:29,86280,3,questionnaire-j7ji,,21399441,BLIND,6330701,,complete,,,mobile,Apple iPhone,iOS 15.4.1,Mobile Safari 15.4.1,428x926,428x845,,Ethics Dark Patterns,4,No,response-1-quantised,7
5,1650507690132,21/04/2022 02:21:30,1650507689468,-4,20/04/2022 22:21:29,86280,3,questionnaire-j7ji,,21399441,BLIND,6330701,,complete,,,mobile,Apple iPhone,iOS 15.4.1,Mobile Safari 15.4.1,428x926,428x845,,Ethics Dark Patterns,4,No,response-2-hour,22
6,1650507690132,21/04/2022 02:21:30,1650507689468,-4,20/04/2022 22:21:29,86280,3,questionnaire-j7ji,,21399441,BLIND,6330701,,complete,,,mobile,Apple iPhone,iOS 15.4.1,Mobile Safari 15.4.1,428x926,428x845,,Ethics Dark Patterns,4,No,response-2-minute,16
7,1650507690132,21/04/2022 02:21:30,1650507689468,-4,20/04/2022 22:21:29,86280,3,questionnaire-j7ji,,21399441,BLIND,6330701,,complete,,,mobile,Apple iPhone,iOS 15.4.1,Mobile Safari 15.4.1,428x926,428x845,,Ethics Dark Patterns,4,No,response-3,"""No I don't want to protect my $350 trip"""
8,1650507690132,21/04/2022 02:21:30,1650507689468,-4,20/04/2022 22:21:29,86280,3,questionnaire-j7ji,,21399441,BLIND,6330701,,complete,,,mobile,Apple iPhone,iOS 15.4.1,Mobile Safari 15.4.1,428x926,428x845,,Ethics Dark Patterns,4,No,response-3-quantised,2
9,1650507690132,21/04/2022 02:21:30,1650507689468,-4,20/04/2022 22:21:29,86280,3,questionnaire-j7ji,,21399441,BLIND,6330701,,complete,,,mobile,Apple iPhone,iOS 15.4.1,Mobile Safari 15.4.1,428x926,428x845,,Ethics Dark Patterns,4,No,response-4,They'll cover baggage damage at no cost to client
10,1650507690132,21/04/2022 02:21:30,1650507689468,-4,20/04/2022 22:21:29,86280,3,questionnaire-j7ji,,21399441,BLIND,6330701,,complete,,,mobile,Apple iPhone,iOS 15.4.1,Mobile Safari 15.4.1,428x926,428x845,,Ethics Dark Patterns,4,No,response-5-hour,22
11,1650507690132,21/04/2022 02:21:30,1650507689469,-4,20/04/2022 22:21:29,86280,3,questionnaire-j7ji,,21399441,BLIND,6330701,,complete,,,mobile,Apple iPhone,iOS 15.4.1,Mobile Safari 15.4.1,428x926,428x845,,Ethics Dark Patterns,4,No,response-5-minute,18
12,1650507690132,21/04/2022 02:21:30,1650507689469,-4,20/04/2022 22:21:29,86280,3,questionnaire-j7ji,,21399441,BLIND,6330701,,complete,,,mobile,Apple iPhone,iOS 15.4.1,Mobile Safari 15.4.1,428x926,428x845,,Ethics Dark Patterns,4,No,response-6,Do not purchase Optional Flight Protection for $30
13,1650507690132,21/04/2022 02:21:30,1650507689469,-4,20/04/2022 22:21:29,86280,3,questionnaire-j7ji,,21399441,BLIND,6330701,,complete,,,mobile,Apple iPhone,iOS 15.4.1,Mobile Safari 15.4.1,428x926,428x845,,Ethics Dark Patterns,4,No,response-6-quantised,2
14,1650507690132,21/04/2022 02:21:30,1650507689469,-4,20/04/2022 22:21:29,86280,3,questionnaire-j7ji,,21399441,BLIND,6330701,,complete,,,mobile,Apple iPhone,iOS 15.4.1,Mobile Safari 15.4.1,428x926,428x845,,Ethics Dark Patterns,4,No,response-7,"30.00 will get you ""priority "" investigation. Your paying to move up to head of line"
15,1650507690132,21/04/2022 02:21:30,1650507689469,-4,20/04/2022 22:21:29,86280,3,questionnaire-j7ji,,21399441,BLIND,6330701,,complete,,,mobile,Apple iPhone,iOS 15.4.1,Mobile Safari 15.4.1,428x926,428x845,,Ethics Dark Patterns,4,No,response-8-hour,22
16,1650507690132,21/04/2022 02:21:30,1650507689469,-4,20/04/2022 22:21:29,86280,3,questionnaire-j7ji,,21399441,BLIND,6330701,,complete,,,mobile,Apple iPhone,iOS 15.4.1,Mobile Safari 15.4.1,428x926,428x845,,Ethics Dark Patterns,4,No,response-8-minute,21
17,1650507690132,21/04/2022 02:21:30,1650507689469,-4,20/04/2022 22:21:29,86280,3,questionnaire-j7ji,,21399441,BLIND,6330701,,complete,,,mobile,Apple iPhone,iOS 15.4.1,Mobile Safari 15.4.1,428x926,428x845,,Ethics Dark Patterns,4,No,END QUESTIONNAIRE,327039
1,1650507805964,21/04/2022 02:23:25,1650507805838,-5,20/04/2022 21:23:25,86280,3,questionnaire-j7ji,,21399495,BLIND,6330713,,live,,,mobile,Apple iPhone,iOS 15.4.1,Mobile Safari 15.4,414x896,414x714,,Ethics Dark Patterns,4,No,BEGIN QUESTIONNAIRE,
1,1650508733878,21/04/2022 02:38:53,1650508733722,-5,20/04/2022 21:38:53,86280,3,questionnaire-j7ji,,21399593,BLIND,6330728,,live,,,mobile,Apple iPhone,iOS 15.4,Chrome 100.0.4896.85,390x844,390x669,,Ethics Dark Patterns,4,No,BEGIN QUESTIONNAIRE,
1,1650517069531,21/04/2022 04:57:49,1650517069399,-5,20/04/2022 23:57:49,86280,3,questionnaire-j7ji,,21400143,BLIND,6330855,,complete,,,computer,Desktop or Laptop,Mac OS 10.15.7,Chrome 77.0.3865.90,1440x900,1344x686,,Ethics Dark Patterns,4,No,BEGIN QUESTIONNAIRE,
2,1650517245885,21/04/2022 05:00:45,1650517245568,-5,21/04/2022 00:00:45,86280,3,questionnaire-j7ji,,21400143,BLIND,6330855,,complete,,,computer,Desktop or Laptop,Mac OS 10.15.7,Chrome 77.0.3865.90,1440x900,1344x686,,Ethics Dark Patterns,4,No,response-1,18-24 years old
3,1650517246056,21/04/2022 05:00:46,1650517245569,-5,21/04/2022 00:00:45,86280,3,questionnaire-j7ji,,21400143,BLIND,6330855,,complete,,,computer,Desktop or Laptop,Mac OS 10.15.7,Chrome 77.0.3865.90,1440x900,1344x686,,Ethics Dark Patterns,4,No,response-1-quantised,3
4,1650517246056,21/04/2022 05:00:46,1650517245570,-5,21/04/2022 00:00:45,86280,3,questionnaire-j7ji,,21400143,BLIND,6330855,,complete,,,computer,Desktop or Laptop,Mac OS 10.15.7,Chrome 77.0.3865.90,1440x900,1344x686,,Ethics Dark Patterns,4,No,response-2-hour,11
5,1650517246056,21/04/2022 05:00:46,1650517245570,-5,21/04/2022 00:00:45,86280,3,questionnaire-j7ji,,21400143,BLIND,6330855,,complete,,,computer,Desktop or Laptop,Mac OS 10.15.7,Chrome 77.0.3865.90,1440x900,1344x686,,Ethics Dark Patterns,4,No,response-2-minute,58
6,1650517246056,21/04/2022 05:00:46,1650517245570,-5,21/04/2022 00:00:45,86280,3,questionnaire-j7ji,,21400143,BLIND,6330855,,complete,,,computer,Desktop or Laptop,Mac OS 10.15.7,Chrome 77.0.3865.90,1440x900,1344x686,,Ethics Dark Patterns,4,No,response-3,"""No I don't want to protect my $350 trip"""
7,1650517246056,21/04/2022 05:00:46,1650517245570,-5,21/04/2022 00:00:45,86280,3,questionnaire-j7ji,,21400143,BLIND,6330855,,complete,,,computer,Desktop or Laptop,Mac OS 10.15.7,Chrome 77.0.3865.90,1440x900,1344x686,,Ethics Dark Patterns,4,No,response-3-quantised,2
8,1650517246056,21/04/2022 05:00:46,1650517245570,-5,21/04/2022 00:00:45,86280,3,questionnaire-j7ji,,21400143,BLIND,6330855,,complete,,,computer,Desktop or Laptop,Mac OS 10.15.7,Chrome 77.0.3865.90,1440x900,1344x686,,Ethics Dark Patterns,4,No,response-4,"baggage protection, flight cancellation reimbursement, and proirity seat upgrade "
9,1650517246056,21/04/2022 05:00:46,1650517245570,-5,21/04/2022 00:00:45,86280,3,questionnaire-j7ji,,21400143,BLIND,6330855,,complete,,,computer,Desktop or Laptop,Mac OS 10.15.7,Chrome 77.0.3865.90,1440x900,1344x686,,Ethics Dark Patterns,4,No,response-5-hour,11
10,1650517246056,21/04/2022 05:00:46,1650517245570,-5,21/04/2022 00:00:45,86280,3,questionnaire-j7ji,,21400143,BLIND,6330855,,complete,,,computer,Desktop or Laptop,Mac OS 10.15.7,Chrome 77.0.3865.90,1440x900,1344x686,,Ethics Dark Patterns,4,No,response-5-minute,59
11,1650517246056,21/04/2022 05:00:46,1650517245570,-5,21/04/2022 00:00:45,86280,3,questionnaire-j7ji,,21400143,BLIND,6330855,,complete,,,computer,Desktop or Laptop,Mac OS 10.15.7,Chrome 77.0.3865.90,1440x900,1344x686,,Ethics Dark Patterns,4,No,response-6,Purchase Optional Flight Protection for $30
12,1650517246056,21/04/2022 05:00:46,1650517245570,-5,21/04/2022 00:00:45,86280,3,questionnaire-j7ji,,21400143,BLIND,6330855,,complete,,,computer,Desktop or Laptop,Mac OS 10.15.7,Chrome 77.0.3865.90,1440x900,1344x686,,Ethics Dark Patterns,4,No,response-6-quantised,1
13,1650517246056,21/04/2022 05:00:46,1650517245570,-5,21/04/2022 00:00:45,86280,3,questionnaire-j7ji,,21400143,BLIND,6330855,,complete,,,computer,Desktop or Laptop,Mac OS 10.15.7,Chrome 77.0.3865.90,1440x900,1344x686,,Ethics Dark Patterns,4,No,response-7,"baggage protection, flight cancellation reimbursement, and priority seat upgradde "
14,1650517246056,21/04/2022 05:00:46,1650517245571,-5,21/04/2022 00:00:45,86280,3,questionnaire-j7ji,,21400143,BLIND,6330855,,complete,,,computer,Desktop or Laptop,Mac OS 10.15.7,Chrome 77.0.3865.90,1440x900,1344x686,,Ethics Dark Patterns,4,No,response-8-hour,12
15,1650517246056,21/04/2022 05:00:46,1650517245571,-5,21/04/2022 00:00:45,86280,3,questionnaire-j7ji,,21400143,BLIND,6330855,,complete,,,computer,Desktop or Laptop,Mac OS 10.15.7,Chrome 77.0.3865.90,1440x900,1344x686,,Ethics Dark Patterns,4,No,response-8-minute,00
16,1650517246056,21/04/2022 05:00:46,1650517245571,-5,21/04/2022 00:00:45,86280,3,questionnaire-j7ji,,21400143,BLIND,6330855,,complete,,,computer,Desktop or Laptop,Mac OS 10.15.7,Chrome 77.0.3865.90,1440x900,1344x686,,Ethics Dark Patterns,4,No,END QUESTIONNAIRE,176173
1,1650558939199,21/04/2022 16:35:39,1650558939050,-7,21/04/2022 09:35:39,86280,3,questionnaire-j7ji,,21412622,BLIND,6334226,,complete,,,mobile,Apple iPhone,iOS 15.4.1,Mobile Safari 15.4,390x844,390x562,,Ethics Dark Patterns,4,No,BEGIN QUESTIONNAIRE,
2,1650559246619,21/04/2022 16:40:46,1650559245826,-7,21/04/2022 09:40:45,86280,3,questionnaire-j7ji,,21412622,BLIND,6334226,,complete,,,mobile,Apple iPhone,iOS 15.4.1,Mobile Safari 15.4,390x844,390x562,,Ethics Dark Patterns,4,No,response-1,55-64 years old
3,1650559246806,21/04/2022 16:40:46,1650559245830,-7,21/04/2022 09:40:45,86280,3,questionnaire-j7ji,,21412622,BLIND,6334226,,complete,,,mobile,Apple iPhone,iOS 15.4.1,Mobile Safari 15.4,390x844,390x562,,Ethics Dark Patterns,4,No,response-1-quantised,7
4,1650559246806,21/04/2022 16:40:46,1650559245830,-7,21/04/2022 09:40:45,86280,3,questionnaire-j7ji,,21412622,BLIND,6334226,,complete,,,mobile,Apple iPhone,iOS 15.4.1,Mobile Safari 15.4,390x844,390x562,,Ethics Dark Patterns,4,No,response-2-hour,09
5,1650559246806,21/04/2022 16:40:46,1650559245830,-7,21/04/2022 09:40:45,86280,3,questionnaire-j7ji,,21412622,BLIND,6334226,,complete,,,mobile,Apple iPhone,iOS 15.4.1,Mobile Safari 15.4,390x844,390x562,,Ethics Dark Patterns,4,No,response-2-minute,36
6,1650559246806,21/04/2022 16:40:46,1650559245830,-7,21/04/2022 09:40:45,86280,3,questionnaire-j7ji,,21412622,BLIND,6334226,,complete,,,mobile,Apple iPhone,iOS 15.4.1,Mobile Safari 15.4,390x844,390x562,,Ethics Dark Patterns,4,No,response-3,"""No I don't want to protect my $350 trip"""
7,1650559246806,21/04/2022 16:40:46,1650559245830,-7,21/04/2022 09:40:45,86280,3,questionnaire-j7ji,,21412622,BLIND,6334226,,complete,,,mobile,Apple iPhone,iOS 15.4.1,Mobile Safari 15.4,390x844,390x562,,Ethics Dark Patterns,4,No,response-3-quantised,2
8,1650559246806,21/04/2022 16:40:46,1650559245830,-7,21/04/2022 09:40:45,86280,3,questionnaire-j7ji,,21412622,BLIND,6334226,,complete,,,mobile,Apple iPhone,iOS 15.4.1,Mobile Safari 15.4,390x844,390x562,,Ethics Dark Patterns,4,No,response-4,the things in the paragraph to the left are covered by the law. it isnunclesr what extras you get from the 30$ extra 
9,1650559246806,21/04/2022 16:40:46,1650559245830,-7,21/04/2022 09:40:45,86280,3,questionnaire-j7ji,,21412622,BLIND,6334226,,complete,,,mobile,Apple iPhone,iOS 15.4.1,Mobile Safari 15.4,390x844,390x562,,Ethics Dark Patterns,4,No,response-5-hour,09
10,1650559246806,21/04/2022 16:40:46,1650559245830,-7,21/04/2022 09:40:45,86280,3,questionnaire-j7ji,,21412622,BLIND,6334226,,complete,,,mobile,Apple iPhone,iOS 15.4.1,Mobile Safari 15.4,390x844,390x562,,Ethics Dark Patterns,4,No,response-5-minute,39
11,1650559246806,21/04/2022 16:40:46,1650559245830,-7,21/04/2022 09:40:45,86280,3,questionnaire-j7ji,,21412622,BLIND,6334226,,complete,,,mobile,Apple iPhone,iOS 15.4.1,Mobile Safari 15.4,390x844,390x562,,Ethics Dark Patterns,4,No,response-6,Do not purchase Optional Flight Protection for $30
12,1650559246806,21/04/2022 16:40:46,1650559245830,-7,21/04/2022 09:40:45,86280,3,questionnaire-j7ji,,21412622,BLIND,6334226,,complete,,,mobile,Apple iPhone,iOS 15.4.1,Mobile Safari 15.4,390x844,390x562,,Ethics Dark Patterns,4,No,response-6-quantised,2
13,1650559246806,21/04/2022 16:40:46,1650559245831,-7,21/04/2022 09:40:45,86280,3,questionnaire-j7ji,,21412622,BLIND,6334226,,complete,,,mobile,Apple iPhone,iOS 15.4.1,Mobile Safari 15.4,390x844,390x562,,Ethics Dark Patterns,4,No,response-7,you are allowed to skip the long line of angry customers
14,1650559246806,21/04/2022 16:40:46,1650559245831,-7,21/04/2022 09:40:45,86280,3,questionnaire-j7ji,,21412622,BLIND,6334226,,complete,,,mobile,Apple iPhone,iOS 15.4.1,Mobile Safari 15.4,390x844,390x562,,Ethics Dark Patterns,4,No,response-8-hour,09
15,1650559246806,21/04/2022 16:40:46,1650559245831,-7,21/04/2022 09:40:45,86280,3,questionnaire-j7ji,,21412622,BLIND,6334226,,complete,,,mobile,Apple iPhone,iOS 15.4.1,Mobile Safari 15.4,390x844,390x562,,Ethics Dark Patterns,4,No,response-8-minute,40
16,1650559246806,21/04/2022 16:40:46,1650559245831,-7,21/04/2022 09:40:45,86280,3,questionnaire-j7ji,,21412622,BLIND,6334226,,complete,,,mobile,Apple iPhone,iOS 15.4.1,Mobile Safari 15.4,390x844,390x562,,Ethics Dark Patterns,4,No,END QUESTIONNAIRE,306781
1,1650559801365,21/04/2022 16:50:01,1650559801008,-7,21/04/2022 09:50:01,86280,3,questionnaire-j7ji,,21413211,BLIND,6334434,,complete,,,mobile,Apple iPhone,iOS 15.3.1,Mobile Safari 15.3,428x926,428x684,,Ethics Dark Patterns,4,No,BEGIN QUESTIONNAIRE,
2,1650560141253,21/04/2022 16:55:41,1650560140215,-7,21/04/2022 09:55:40,86280,3,questionnaire-j7ji,,21413211,BLIND,6334434,,complete,,,mobile,Apple iPhone,iOS 15.3.1,Mobile Safari 15.3,428x926,428x684,,Ethics Dark Patterns,4,No,response-1,55-64 years old
3,1650560141462,21/04/2022 16:55:41,1650560140221,-7,21/04/2022 09:55:40,86280,3,questionnaire-j7ji,,21413211,BLIND,6334434,,complete,,,mobile,Apple iPhone,iOS 15.3.1,Mobile Safari 15.3,428x926,428x684,,Ethics Dark Patterns,4,No,response-1-quantised,7
4,1650560141462,21/04/2022 16:55:41,1650560140221,-7,21/04/2022 09:55:40,86280,3,questionnaire-j7ji,,21413211,BLIND,6334434,,complete,,,mobile,Apple iPhone,iOS 15.3.1,Mobile Safari 15.3,428x926,428x684,,Ethics Dark Patterns,4,No,response-2-hour,09
5,1650560141462,21/04/2022 16:55:41,1650560140221,-7,21/04/2022 09:55:40,86280,3,questionnaire-j7ji,,21413211,BLIND,6334434,,complete,,,mobile,Apple iPhone,iOS 15.3.1,Mobile Safari 15.3,428x926,428x684,,Ethics Dark Patterns,4,No,response-2-minute,53
6,1650560141462,21/04/2022 16:55:41,1650560140221,-7,21/04/2022 09:55:40,86280,3,questionnaire-j7ji,,21413211,BLIND,6334434,,complete,,,mobile,Apple iPhone,iOS 15.3.1,Mobile Safari 15.3,428x926,428x684,,Ethics Dark Patterns,4,No,response-3,"""No I don't want to protect my $350 trip"""
7,1650560141462,21/04/2022 16:55:41,1650560140221,-7,21/04/2022 09:55:40,86280,3,questionnaire-j7ji,,21413211,BLIND,6334434,,complete,,,mobile,Apple iPhone,iOS 15.3.1,Mobile Safari 15.3,428x926,428x684,,Ethics Dark Patterns,4,No,response-3-quantised,2
8,1650560141462,21/04/2022 16:55:41,1650560140221,-7,21/04/2022 09:55:40,86280,3,questionnaire-j7ji,,21413211,BLIND,6334434,,complete,,,mobile,Apple iPhone,iOS 15.3.1,Mobile Safari 15.3,428x926,428x684,,Ethics Dark Patterns,4,No,response-4,money back pmus a perk in the event of delays or cancellation 
9,1650560141462,21/04/2022 16:55:41,1650560140221,-7,21/04/2022 09:55:40,86280,3,questionnaire-j7ji,,21413211,BLIND,6334434,,complete,,,mobile,Apple iPhone,iOS 15.3.1,Mobile Safari 15.3,428x926,428x684,,Ethics Dark Patterns,4,No,response-5-hour,08
10,1650560141462,21/04/2022 16:55:41,1650560140221,-7,21/04/2022 09:55:40,86280,3,questionnaire-j7ji,,21413211,BLIND,6334434,,complete,,,mobile,Apple iPhone,iOS 15.3.1,Mobile Safari 15.3,428x926,428x684,,Ethics Dark Patterns,4,No,response-5-minute,54
11,1650560141462,21/04/2022 16:55:41,1650560140221,-7,21/04/2022 09:55:40,86280,3,questionnaire-j7ji,,21413211,BLIND,6334434,,complete,,,mobile,Apple iPhone,iOS 15.3.1,Mobile Safari 15.3,428x926,428x684,,Ethics Dark Patterns,4,No,response-6,Do not purchase Optional Flight Protection for $30
12,1650560141462,21/04/2022 16:55:41,1650560140221,-7,21/04/2022 09:55:40,86280,3,questionnaire-j7ji,,21413211,BLIND,6334434,,complete,,,mobile,Apple iPhone,iOS 15.3.1,Mobile Safari 15.3,428x926,428x684,,Ethics Dark Patterns,4,No,response-6-quantised,2
13,1650560141462,21/04/2022 16:55:41,1650560140221,-7,21/04/2022 09:55:40,86280,3,questionnaire-j7ji,,21413211,BLIND,6334434,,complete,,,mobile,Apple iPhone,iOS 15.3.1,Mobile Safari 15.3,428x926,428x684,,Ethics Dark Patterns,4,No,response-7,additional protection form lost bags or canceled flight
14,1650560141462,21/04/2022 16:55:41,1650560140221,-7,21/04/2022 09:55:40,86280,3,questionnaire-j7ji,,21413211,BLIND,6334434,,complete,,,mobile,Apple iPhone,iOS 15.3.1,Mobile Safari 15.3,428x926,428x684,,Ethics Dark Patterns,4,No,response-8-hour,08
15,1650560141462,21/04/2022 16:55:41,1650560140221,-7,21/04/2022 09:55:40,86280,3,questionnaire-j7ji,,21413211,BLIND,6334434,,complete,,,mobile,Apple iPhone,iOS 15.3.1,Mobile Safari 15.3,428x926,428x684,,Ethics Dark Patterns,4,No,response-8-minute,55
16,1650560141462,21/04/2022 16:55:41,1650560140221,-7,21/04/2022 09:55:40,86280,3,questionnaire-j7ji,,21413211,BLIND,6334434,,complete,,,mobile,Apple iPhone,iOS 15.3.1,Mobile Safari 15.3,428x926,428x684,,Ethics Dark Patterns,4,No,END QUESTIONNAIRE,339213
1,1650574363401,21/04/2022 20:52:43,1650574363289,-4,21/04/2022 16:52:43,86280,3,questionnaire-j7ji,,21418613,BLIND,6335872,,complete,,,mobile,Apple iPhone,iOS 15.4.1,Mobile Safari 15.4,414x896,414x674,,Ethics Dark Patterns,4,No,BEGIN QUESTIONNAIRE,
2,1650574682413,21/04/2022 20:58:02,1650574681906,-4,21/04/2022 16:58:01,86280,3,questionnaire-j7ji,,21418613,BLIND,6335872,,complete,,,mobile,Apple iPhone,iOS 15.4.1,Mobile Safari 15.4,414x896,414x674,,Ethics Dark Patterns,4,No,response-1,55-64 years old
3,1650574682594,21/04/2022 20:58:02,1650574681915,-4,21/04/2022 16:58:01,86280,3,questionnaire-j7ji,,21418613,BLIND,6335872,,complete,,,mobile,Apple iPhone,iOS 15.4.1,Mobile Safari 15.4,414x896,414x674,,Ethics Dark Patterns,4,No,response-1-quantised,7
4,1650574682594,21/04/2022 20:58:02,1650574681915,-4,21/04/2022 16:58:01,86280,3,questionnaire-j7ji,,21418613,BLIND,6335872,,complete,,,mobile,Apple iPhone,iOS 15.4.1,Mobile Safari 15.4,414x896,414x674,,Ethics Dark Patterns,4,No,response-2-hour,16
5,1650574682594,21/04/2022 20:58:02,1650574681915,-4,21/04/2022 16:58:01,86280,3,questionnaire-j7ji,,21418613,BLIND,6335872,,complete,,,mobile,Apple iPhone,iOS 15.4.1,Mobile Safari 15.4,414x896,414x674,,Ethics Dark Patterns,4,No,response-2-minute,53
6,1650574682594,21/04/2022 20:58:02,1650574681915,-4,21/04/2022 16:58:01,86280,3,questionnaire-j7ji,,21418613,BLIND,6335872,,complete,,,mobile,Apple iPhone,iOS 15.4.1,Mobile Safari 15.4,414x896,414x674,,Ethics Dark Patterns,4,No,response-3,"""No I don't want to protect my $350 trip"""
7,1650574682594,21/04/2022 20:58:02,1650574681915,-4,21/04/2022 16:58:01,86280,3,questionnaire-j7ji,,21418613,BLIND,6335872,,complete,,,mobile,Apple iPhone,iOS 15.4.1,Mobile Safari 15.4,414x896,414x674,,Ethics Dark Patterns,4,No,response-3-quantised,2
8,1650574682594,21/04/2022 20:58:02,1650574681915,-4,21/04/2022 16:58:01,86280,3,questionnaire-j7ji,,21418613,BLIND,6335872,,complete,,,mobile,Apple iPhone,iOS 15.4.1,Mobile Safari 15.4,414x896,414x674,,Ethics Dark Patterns,4,No,response-4,Delta isn't able to protect my luggage or guarantee my flight 
9,1650574682594,21/04/2022 20:58:02,1650574681915,-4,21/04/2022 16:58:01,86280,3,questionnaire-j7ji,,21418613,BLIND,6335872,,complete,,,mobile,Apple iPhone,iOS 15.4.1,Mobile Safari 15.4,414x896,414x674,,Ethics Dark Patterns,4,No,response-5-hour,16
10,1650574682594,21/04/2022 20:58:02,1650574681915,-4,21/04/2022 16:58:01,86280,3,questionnaire-j7ji,,21418613,BLIND,6335872,,complete,,,mobile,Apple iPhone,iOS 15.4.1,Mobile Safari 15.4,414x896,414x674,,Ethics Dark Patterns,4,No,response-5-minute,56
11,1650574682594,21/04/2022 20:58:02,1650574681915,-4,21/04/2022 16:58:01,86280,3,questionnaire-j7ji,,21418613,BLIND,6335872,,complete,,,mobile,Apple iPhone,iOS 15.4.1,Mobile Safari 15.4,414x896,414x674,,Ethics Dark Patterns,4,No,response-6,Purchase Optional Flight Protection for $30
12,1650574682594,21/04/2022 20:58:02,1650574681915,-4,21/04/2022 16:58:01,86280,3,questionnaire-j7ji,,21418613,BLIND,6335872,,complete,,,mobile,Apple iPhone,iOS 15.4.1,Mobile Safari 15.4,414x896,414x674,,Ethics Dark Patterns,4,No,response-6-quantised,1
13,1650574682594,21/04/2022 20:58:02,1650574681915,-4,21/04/2022 16:58:01,86280,3,questionnaire-j7ji,,21418613,BLIND,6335872,,complete,,,mobile,Apple iPhone,iOS 15.4.1,Mobile Safari 15.4,414x896,414x674,,Ethics Dark Patterns,4,No,response-7,Delta may compensate me for inconvenience 
14,1650574682594,21/04/2022 20:58:02,1650574681915,-4,21/04/2022 16:58:01,86280,3,questionnaire-j7ji,,21418613,BLIND,6335872,,complete,,,mobile,Apple iPhone,iOS 15.4.1,Mobile Safari 15.4,414x896,414x674,,Ethics Dark Patterns,4,No,response-8-hour,16
15,1650574682594,21/04/2022 20:58:02,1650574681915,-4,21/04/2022 16:58:01,86280,3,questionnaire-j7ji,,21418613,BLIND,6335872,,complete,,,mobile,Apple iPhone,iOS 15.4.1,Mobile Safari 15.4,414x896,414x674,,Ethics Dark Patterns,4,No,response-8-minute,57
16,1650574682594,21/04/2022 20:58:02,1650574681915,-4,21/04/2022 16:58:01,86280,3,questionnaire-j7ji,,21418613,BLIND,6335872,,complete,,,mobile,Apple iPhone,iOS 15.4.1,Mobile Safari 15.4,414x896,414x674,,Ethics Dark Patterns,4,No,END QUESTIONNAIRE,318626
1,1650515805581,21/04/2022 04:36:45,1650515805450,-5,20/04/2022 23:36:45,86280,3,questionnaire-j7ji,,21400066,BLIND,6330834,,complete,,,mobile,Apple iPhone,iOS 14.7.1,Mobile Safari 14.1.2,414x896,414x715,,Ethics Dark Patterns,4,No,BEGIN QUESTIONNAIRE,
2,1650515890262,21/04/2022 04:38:10,1650515889696,-5,20/04/2022 23:38:09,86280,3,questionnaire-j7ji,,21400066,BLIND,6330834,,complete,,,mobile,Apple iPhone,iOS 14.7.1,Mobile Safari 14.1.2,414x896,414x715,,Ethics Dark Patterns,4,No,response-1,18-24 years old
3,1650515890419,21/04/2022 04:38:10,1650515889698,-5,20/04/2022 23:38:09,86280,3,questionnaire-j7ji,,21400066,BLIND,6330834,,complete,,,mobile,Apple iPhone,iOS 14.7.1,Mobile Safari 14.1.2,414x896,414x715,,Ethics Dark Patterns,4,No,response-1-quantised,3
4,1650515890419,21/04/2022 04:38:10,1650515889698,-5,20/04/2022 23:38:09,86280,3,questionnaire-j7ji,,21400066,BLIND,6330834,,complete,,,mobile,Apple iPhone,iOS 14.7.1,Mobile Safari 14.1.2,414x896,414x715,,Ethics Dark Patterns,4,No,response-2-hour,23
5,1650515890419,21/04/2022 04:38:10,1650515889698,-5,20/04/2022 23:38:09,86280,3,questionnaire-j7ji,,21400066,BLIND,6330834,,complete,,,mobile,Apple iPhone,iOS 14.7.1,Mobile Safari 14.1.2,414x896,414x715,,Ethics Dark Patterns,4,No,response-2-minute,09
6,1650515890419,21/04/2022 04:38:10,1650515889699,-5,20/04/2022 23:38:09,86280,3,questionnaire-j7ji,,21400066,BLIND,6330834,,complete,,,mobile,Apple iPhone,iOS 14.7.1,Mobile Safari 14.1.2,414x896,414x715,,Ethics Dark Patterns,4,No,response-3,"""No I don't want to protect my $350 trip"""
7,1650515890419,21/04/2022 04:38:10,1650515889699,-5,20/04/2022 23:38:09,86280,3,questionnaire-j7ji,,21400066,BLIND,6330834,,complete,,,mobile,Apple iPhone,iOS 14.7.1,Mobile Safari 14.1.2,414x896,414x715,,Ethics Dark Patterns,4,No,response-3-quantised,2
8,1650515890419,21/04/2022 04:38:10,1650515889699,-5,20/04/2022 23:38:09,86280,3,questionnaire-j7ji,,21400066,BLIND,6330834,,complete,,,mobile,Apple iPhone,iOS 14.7.1,Mobile Safari 14.1.2,414x896,414x715,,Ethics Dark Patterns,4,No,response-4,not sure
9,1650515890419,21/04/2022 04:38:10,1650515889699,-5,20/04/2022 23:38:09,86280,3,questionnaire-j7ji,,21400066,BLIND,6330834,,complete,,,mobile,Apple iPhone,iOS 14.7.1,Mobile Safari 14.1.2,414x896,414x715,,Ethics Dark Patterns,4,No,response-5-hour,23
10,1650515890419,21/04/2022 04:38:10,1650515889699,-5,20/04/2022 23:38:09,86280,3,questionnaire-j7ji,,21400066,BLIND,6330834,,complete,,,mobile,Apple iPhone,iOS 14.7.1,Mobile Safari 14.1.2,414x896,414x715,,Ethics Dark Patterns,4,No,response-5-minute,00
11,1650515890419,21/04/2022 04:38:10,1650515889699,-5,20/04/2022 23:38:09,86280,3,questionnaire-j7ji,,21400066,BLIND,6330834,,complete,,,mobile,Apple iPhone,iOS 14.7.1,Mobile Safari 14.1.2,414x896,414x715,,Ethics Dark Patterns,4,No,response-6,Do not purchase Optional Flight Protection for $30
12,1650515890419,21/04/2022 04:38:10,1650515889699,-5,20/04/2022 23:38:09,86280,3,questionnaire-j7ji,,21400066,BLIND,6330834,,complete,,,mobile,Apple iPhone,iOS 14.7.1,Mobile Safari 14.1.2,414x896,414x715,,Ethics Dark Patterns,4,No,response-6-quantised,2
13,1650515890419,21/04/2022 04:38:10,1650515889699,-5,20/04/2022 23:38:09,86280,3,questionnaire-j7ji,,21400066,BLIND,6330834,,complete,,,mobile,Apple iPhone,iOS 14.7.1,Mobile Safari 14.1.2,414x896,414x715,,Ethics Dark Patterns,4,No,response-7,they dont really give you another option which makes you think that you have to opt in
14,1650515890419,21/04/2022 04:38:10,1650515889699,-5,20/04/2022 23:38:09,86280,3,questionnaire-j7ji,,21400066,BLIND,6330834,,complete,,,mobile,Apple iPhone,iOS 14.7.1,Mobile Safari 14.1.2,414x896,414x715,,Ethics Dark Patterns,4,No,response-8-hour,23
15,1650515890419,21/04/2022 04:38:10,1650515889699,-5,20/04/2022 23:38:09,86280,3,questionnaire-j7ji,,21400066,BLIND,6330834,,complete,,,mobile,Apple iPhone,iOS 14.7.1,Mobile Safari 14.1.2,414x896,414x715,,Ethics Dark Patterns,4,No,response-8-minute,15
16,1650515890419,21/04/2022 04:38:10,1650515889700,-5,20/04/2022 23:38:09,86280,3,questionnaire-j7ji,,21400066,BLIND,6330834,,complete,,,mobile,Apple iPhone,iOS 14.7.1,Mobile Safari 14.1.2,414x896,414x715,,Ethics Dark Patterns,4,No,END QUESTIONNAIRE,84250
1,1650511240362,21/04/2022 03:20:40,1650511240249,-4,20/04/2022 23:20:40,86280,3,questionnaire-j7ji,,21399787,BLIND,6330765,,complete,,,mobile,Apple iPhone,iOS 15.4.1,Mobile Safari 15.4,375x812,375x597,,Ethics Dark Patterns,4,No,BEGIN QUESTIONNAIRE,
2,1650511370637,21/04/2022 03:22:50,1650511370071,-4,20/04/2022 23:22:50,86280,3,questionnaire-j7ji,,21399787,BLIND,6330765,,complete,,,mobile,Apple iPhone,iOS 15.4.1,Mobile Safari 15.4,375x812,375x597,,Ethics Dark Patterns,4,No,response-1,55-64 years old
3,1650511370809,21/04/2022 03:22:50,1650511370075,-4,20/04/2022 23:22:50,86280,3,questionnaire-j7ji,,21399787,BLIND,6330765,,complete,,,mobile,Apple iPhone,iOS 15.4.1,Mobile Safari 15.4,375x812,375x597,,Ethics Dark Patterns,4,No,response-1-quantised,7
4,1650511370809,21/04/2022 03:22:50,1650511370075,-4,20/04/2022 23:22:50,86280,3,questionnaire-j7ji,,21399787,BLIND,6330765,,complete,,,mobile,Apple iPhone,iOS 15.4.1,Mobile Safari 15.4,375x812,375x597,,Ethics Dark Patterns,4,No,response-2-hour,11
5,1650511370809,21/04/2022 03:22:50,1650511370075,-4,20/04/2022 23:22:50,86280,3,questionnaire-j7ji,,21399787,BLIND,6330765,,complete,,,mobile,Apple iPhone,iOS 15.4.1,Mobile Safari 15.4,375x812,375x597,,Ethics Dark Patterns,4,No,response-2-minute,20
6,1650511370809,21/04/2022 03:22:50,1650511370075,-4,20/04/2022 23:22:50,86280,3,questionnaire-j7ji,,21399787,BLIND,6330765,,complete,,,mobile,Apple iPhone,iOS 15.4.1,Mobile Safari 15.4,375x812,375x597,,Ethics Dark Patterns,4,No,response-3,"""No I don't want to protect my $350 trip"""
7,1650511370809,21/04/2022 03:22:50,1650511370075,-4,20/04/2022 23:22:50,86280,3,questionnaire-j7ji,,21399787,BLIND,6330765,,complete,,,mobile,Apple iPhone,iOS 15.4.1,Mobile Safari 15.4,375x812,375x597,,Ethics Dark Patterns,4,No,response-3-quantised,2
8,1650511370809,21/04/2022 03:22:50,1650511370075,-4,20/04/2022 23:22:50,86280,3,questionnaire-j7ji,,21399787,BLIND,6330765,,complete,,,mobile,Apple iPhone,iOS 15.4.1,Mobile Safari 15.4,375x812,375x597,,Ethics Dark Patterns,4,No,response-4,plane ticket
9,1650511370809,21/04/2022 03:22:50,1650511370075,-4,20/04/2022 23:22:50,86280,3,questionnaire-j7ji,,21399787,BLIND,6330765,,complete,,,mobile,Apple iPhone,iOS 15.4.1,Mobile Safari 15.4,375x812,375x597,,Ethics Dark Patterns,4,No,response-5-hour,11
10,1650511370809,21/04/2022 03:22:50,1650511370075,-4,20/04/2022 23:22:50,86280,3,questionnaire-j7ji,,21399787,BLIND,6330765,,complete,,,mobile,Apple iPhone,iOS 15.4.1,Mobile Safari 15.4,375x812,375x597,,Ethics Dark Patterns,4,No,response-5-minute,22
11,1650511370809,21/04/2022 03:22:50,1650511370075,-4,20/04/2022 23:22:50,86280,3,questionnaire-j7ji,,21399787,BLIND,6330765,,complete,,,mobile,Apple iPhone,iOS 15.4.1,Mobile Safari 15.4,375x812,375x597,,Ethics Dark Patterns,4,No,response-6,Purchase Optional Flight Protection for $30
12,1650511370809,21/04/2022 03:22:50,1650511370076,-4,20/04/2022 23:22:50,86280,3,questionnaire-j7ji,,21399787,BLIND,6330765,,complete,,,mobile,Apple iPhone,iOS 15.4.1,Mobile Safari 15.4,375x812,375x597,,Ethics Dark Patterns,4,No,response-6-quantised,1
13,1650511370809,21/04/2022 03:22:50,1650511370076,-4,20/04/2022 23:22:50,86280,3,questionnaire-j7ji,,21399787,BLIND,6330765,,complete,,,mobile,Apple iPhone,iOS 15.4.1,Mobile Safari 15.4,375x812,375x597,,Ethics Dark Patterns,4,No,response-7,plane ticket
14,1650511370809,21/04/2022 03:22:50,1650511370076,-4,20/04/2022 23:22:50,86280,3,questionnaire-j7ji,,21399787,BLIND,6330765,,complete,,,mobile,Apple iPhone,iOS 15.4.1,Mobile Safari 15.4,375x812,375x597,,Ethics Dark Patterns,4,No,response-8-hour,11
15,1650511370809,21/04/2022 03:22:50,1650511370076,-4,20/04/2022 23:22:50,86280,3,questionnaire-j7ji,,21399787,BLIND,6330765,,complete,,,mobile,Apple iPhone,iOS 15.4.1,Mobile Safari 15.4,375x812,375x597,,Ethics Dark Patterns,4,No,response-8-minute,22
16,1650511370809,21/04/2022 03:22:50,1650511370076,-4,20/04/2022 23:22:50,86280,3,questionnaire-j7ji,,21399787,BLIND,6330765,,complete,,,mobile,Apple iPhone,iOS 15.4.1,Mobile Safari 15.4,375x812,375x597,,Ethics Dark Patterns,4,No,END QUESTIONNAIRE,129827
1,1650510712442,21/04/2022 03:11:52,1650510712293,-4,20/04/2022 23:11:52,86280,3,questionnaire-j7ji,,21399735,BLIND,6330756,,complete,,,mobile,Apple iPhone,iOS 15.4.1,Mobile Safari 15.4,375x812,375x595,,Ethics Dark Patterns,4,No,BEGIN QUESTIONNAIRE,
2,1650511189548,21/04/2022 03:19:49,1650511188902,-4,20/04/2022 23:19:48,86280,3,questionnaire-j7ji,,21399735,BLIND,6330756,,complete,,,mobile,Apple iPhone,iOS 15.4.1,Mobile Safari 15.4,375x812,375x595,,Ethics Dark Patterns,4,No,response-1,45-54 years old
3,1650511189715,21/04/2022 03:19:49,1650511188926,-4,20/04/2022 23:19:48,86280,3,questionnaire-j7ji,,21399735,BLIND,6330756,,complete,,,mobile,Apple iPhone,iOS 15.4.1,Mobile Safari 15.4,375x812,375x595,,Ethics Dark Patterns,4,No,response-1-quantised,6
4,1650511189715,21/04/2022 03:19:49,1650511188926,-4,20/04/2022 23:19:48,86280,3,questionnaire-j7ji,,21399735,BLIND,6330756,,complete,,,mobile,Apple iPhone,iOS 15.4.1,Mobile Safari 15.4,375x812,375x595,,Ethics Dark Patterns,4,No,response-2-hour,11
5,1650511189715,21/04/2022 03:19:49,1650511188926,-4,20/04/2022 23:19:48,86280,3,questionnaire-j7ji,,21399735,BLIND,6330756,,complete,,,mobile,Apple iPhone,iOS 15.4.1,Mobile Safari 15.4,375x812,375x595,,Ethics Dark Patterns,4,No,response-2-minute,13
6,1650511189715,21/04/2022 03:19:49,1650511188926,-4,20/04/2022 23:19:48,86280,3,questionnaire-j7ji,,21399735,BLIND,6330756,,complete,,,mobile,Apple iPhone,iOS 15.4.1,Mobile Safari 15.4,375x812,375x595,,Ethics Dark Patterns,4,No,response-3,"""Yes! Please protect my expensive trip for $30"""
7,1650511189715,21/04/2022 03:19:49,1650511188927,-4,20/04/2022 23:19:48,86280,3,questionnaire-j7ji,,21399735,BLIND,6330756,,complete,,,mobile,Apple iPhone,iOS 15.4.1,Mobile Safari 15.4,375x812,375x595,,Ethics Dark Patterns,4,No,response-3-quantised,1
8,1650511189715,21/04/2022 03:19:49,1650511188927,-4,20/04/2022 23:19:48,86280,3,questionnaire-j7ji,,21399735,BLIND,6330756,,complete,,,mobile,Apple iPhone,iOS 15.4.1,Mobile Safari 15.4,375x812,375x595,,Ethics Dark Patterns,4,No,response-4,baggage protection and cancelled flight reimb
9,1650511189715,21/04/2022 03:19:49,1650511188927,-4,20/04/2022 23:19:48,86280,3,questionnaire-j7ji,,21399735,BLIND,6330756,,complete,,,mobile,Apple iPhone,iOS 15.4.1,Mobile Safari 15.4,375x812,375x595,,Ethics Dark Patterns,4,No,response-5-hour,11
10,1650511189715,21/04/2022 03:19:49,1650511188927,-4,20/04/2022 23:19:48,86280,3,questionnaire-j7ji,,21399735,BLIND,6330756,,complete,,,mobile,Apple iPhone,iOS 15.4.1,Mobile Safari 15.4,375x812,375x595,,Ethics Dark Patterns,4,No,response-5-minute,16
11,1650511189715,21/04/2022 03:19:49,1650511188927,-4,20/04/2022 23:19:48,86280,3,questionnaire-j7ji,,21399735,BLIND,6330756,,complete,,,mobile,Apple iPhone,iOS 15.4.1,Mobile Safari 15.4,375x812,375x595,,Ethics Dark Patterns,4,No,response-6,Purchase Optional Flight Protection for $30
12,1650511189715,21/04/2022 03:19:49,1650511188927,-4,20/04/2022 23:19:48,86280,3,questionnaire-j7ji,,21399735,BLIND,6330756,,complete,,,mobile,Apple iPhone,iOS 15.4.1,Mobile Safari 15.4,375x812,375x595,,Ethics Dark Patterns,4,No,response-6-quantised,1
13,1650511189715,21/04/2022 03:19:49,1650511188927,-4,20/04/2022 23:19:48,86280,3,questionnaire-j7ji,,21399735,BLIND,6330756,,complete,,,mobile,Apple iPhone,iOS 15.4.1,Mobile Safari 15.4,375x812,375x595,,Ethics Dark Patterns,4,No,response-7,same thing with more priority and additional priority rescheduling flight
14,1650511189715,21/04/2022 03:19:49,1650511188927,-4,20/04/2022 23:19:48,86280,3,questionnaire-j7ji,,21399735,BLIND,6330756,,complete,,,mobile,Apple iPhone,iOS 15.4.1,Mobile Safari 15.4,375x812,375x595,,Ethics Dark Patterns,4,No,response-8-hour,11
15,1650511189715,21/04/2022 03:19:49,1650511188927,-4,20/04/2022 23:19:48,86280,3,questionnaire-j7ji,,21399735,BLIND,6330756,,complete,,,mobile,Apple iPhone,iOS 15.4.1,Mobile Safari 15.4,375x812,375x595,,Ethics Dark Patterns,4,No,response-8-minute,19
16,1650511189715,21/04/2022 03:19:49,1650511188927,-4,20/04/2022 23:19:48,86280,3,questionnaire-j7ji,,21399735,BLIND,6330756,,complete,,,mobile,Apple iPhone,iOS 15.4.1,Mobile Safari 15.4,375x812,375x595,,Ethics Dark Patterns,4,No,END QUESTIONNAIRE,476634
1,1650508609545,21/04/2022 02:36:49,1650508609238,-4,20/04/2022 22:36:49,86280,3,questionnaire-j7ji,,21399580,BLIND,6330726,,complete,,,mobile,Apple iPhone,iOS 15.4.1,Mobile Safari 15.4,375x812,375x595,,Ethics Dark Patterns,4,No,BEGIN QUESTIONNAIRE,
2,1650508745571,21/04/2022 02:39:05,1650508744992,-4,20/04/2022 22:39:04,86280,3,questionnaire-j7ji,,21399580,BLIND,6330726,,complete,,,mobile,Apple iPhone,iOS 15.4.1,Mobile Safari 15.4,375x812,375x595,,Ethics Dark Patterns,4,No,response-1,55-64 years old
3,1650508745873,21/04/2022 02:39:05,1650508744998,-4,20/04/2022 22:39:04,86280,3,questionnaire-j7ji,,21399580,BLIND,6330726,,complete,,,mobile,Apple iPhone,iOS 15.4.1,Mobile Safari 15.4,375x812,375x595,,Ethics Dark Patterns,4,No,response-1-quantised,7
4,1650508745873,21/04/2022 02:39:05,1650508744998,-4,20/04/2022 22:39:04,86280,3,questionnaire-j7ji,,21399580,BLIND,6330726,,complete,,,mobile,Apple iPhone,iOS 15.4.1,Mobile Safari 15.4,375x812,375x595,,Ethics Dark Patterns,4,No,response-2-hour,10
5,1650508745873,21/04/2022 02:39:05,1650508744998,-4,20/04/2022 22:39:04,86280,3,questionnaire-j7ji,,21399580,BLIND,6330726,,complete,,,mobile,Apple iPhone,iOS 15.4.1,Mobile Safari 15.4,375x812,375x595,,Ethics Dark Patterns,4,No,response-2-minute,37
6,1650508745873,21/04/2022 02:39:05,1650508744998,-4,20/04/2022 22:39:04,86280,3,questionnaire-j7ji,,21399580,BLIND,6330726,,complete,,,mobile,Apple iPhone,iOS 15.4.1,Mobile Safari 15.4,375x812,375x595,,Ethics Dark Patterns,4,No,response-3,"""No I don't want to protect my $350 trip"""
7,1650508745873,21/04/2022 02:39:05,1650508744998,-4,20/04/2022 22:39:04,86280,3,questionnaire-j7ji,,21399580,BLIND,6330726,,complete,,,mobile,Apple iPhone,iOS 15.4.1,Mobile Safari 15.4,375x812,375x595,,Ethics Dark Patterns,4,No,response-3-quantised,2
8,1650508745873,21/04/2022 02:39:05,1650508744998,-4,20/04/2022 22:39:04,86280,3,questionnaire-j7ji,,21399580,BLIND,6330726,,complete,,,mobile,Apple iPhone,iOS 15.4.1,Mobile Safari 15.4,375x812,375x595,,Ethics Dark Patterns,4,No,response-4,Trip insurance
9,1650508745873,21/04/2022 02:39:05,1650508744998,-4,20/04/2022 22:39:04,86280,3,questionnaire-j7ji,,21399580,BLIND,6330726,,complete,,,mobile,Apple iPhone,iOS 15.4.1,Mobile Safari 15.4,375x812,375x595,,Ethics Dark Patterns,4,No,response-5-hour,10
10,1650508745873,21/04/2022 02:39:05,1650508744998,-4,20/04/2022 22:39:04,86280,3,questionnaire-j7ji,,21399580,BLIND,6330726,,complete,,,mobile,Apple iPhone,iOS 15.4.1,Mobile Safari 15.4,375x812,375x595,,Ethics Dark Patterns,4,No,response-5-minute,38
11,1650508745873,21/04/2022 02:39:05,1650508744998,-4,20/04/2022 22:39:04,86280,3,questionnaire-j7ji,,21399580,BLIND,6330726,,complete,,,mobile,Apple iPhone,iOS 15.4.1,Mobile Safari 15.4,375x812,375x595,,Ethics Dark Patterns,4,No,response-6,Do not purchase Optional Flight Protection for $30
12,1650508745873,21/04/2022 02:39:05,1650508744999,-4,20/04/2022 22:39:04,86280,3,questionnaire-j7ji,,21399580,BLIND,6330726,,complete,,,mobile,Apple iPhone,iOS 15.4.1,Mobile Safari 15.4,375x812,375x595,,Ethics Dark Patterns,4,No,response-6-quantised,2
13,1650508745873,21/04/2022 02:39:05,1650508744999,-4,20/04/2022 22:39:04,86280,3,questionnaire-j7ji,,21399580,BLIND,6330726,,complete,,,mobile,Apple iPhone,iOS 15.4.1,Mobile Safari 15.4,375x812,375x595,,Ethics Dark Patterns,4,No,response-7,Trip insurance
14,1650508745873,21/04/2022 02:39:05,1650508744999,-4,20/04/2022 22:39:04,86280,3,questionnaire-j7ji,,21399580,BLIND,6330726,,complete,,,mobile,Apple iPhone,iOS 15.4.1,Mobile Safari 15.4,375x812,375x595,,Ethics Dark Patterns,4,No,response-8-hour,10
15,1650508745873,21/04/2022 02:39:05,1650508744999,-4,20/04/2022 22:39:04,86280,3,questionnaire-j7ji,,21399580,BLIND,6330726,,complete,,,mobile,Apple iPhone,iOS 15.4.1,Mobile Safari 15.4,375x812,375x595,,Ethics Dark Patterns,4,No,response-8-minute,38
16,1650508745873,21/04/2022 02:39:05,1650508744999,-4,20/04/2022 22:39:04,86280,3,questionnaire-j7ji,,21399580,BLIND,6330726,,complete,,,mobile,Apple iPhone,iOS 15.4.1,Mobile Safari 15.4,375x812,375x595,,Ethics Dark Patterns,4,No,END QUESTIONNAIRE,135761
1,1650506784467,21/04/2022 02:06:24,1650506784340,-5,20/04/2022 21:06:24,86280,3,questionnaire-j7ji,,21399393,BLIND,6330692,,complete,,,mobile,Apple iPhone,iOS 15.1,Mobile Safari 15.1,375x812,375x634,,Ethics Dark Patterns,4,No,BEGIN QUESTIONNAIRE,
2,1650506902874,21/04/2022 02:08:22,1650506900971,-5,20/04/2022 21:08:20,86280,3,questionnaire-j7ji,,21399393,BLIND,6330692,,complete,,,mobile,Apple iPhone,iOS 15.1,Mobile Safari 15.1,375x812,375x634,,Ethics Dark Patterns,4,No,response-1,18-24 years old
3,1650506903062,21/04/2022 02:08:23,1650506900977,-5,20/04/2022 21:08:20,86280,3,questionnaire-j7ji,,21399393,BLIND,6330692,,complete,,,mobile,Apple iPhone,iOS 15.1,Mobile Safari 15.1,375x812,375x634,,Ethics Dark Patterns,4,No,response-1-quantised,3
4,1650506903062,21/04/2022 02:08:23,1650506900977,-5,20/04/2022 21:08:20,86280,3,questionnaire-j7ji,,21399393,BLIND,6330692,,complete,,,mobile,Apple iPhone,iOS 15.1,Mobile Safari 15.1,375x812,375x634,,Ethics Dark Patterns,4,No,response-2-hour,09
5,1650506903062,21/04/2022 02:08:23,1650506900977,-5,20/04/2022 21:08:20,86280,3,questionnaire-j7ji,,21399393,BLIND,6330692,,complete,,,mobile,Apple iPhone,iOS 15.1,Mobile Safari 15.1,375x812,375x634,,Ethics Dark Patterns,4,No,response-2-minute,06
6,1650506903062,21/04/2022 02:08:23,1650506900977,-5,20/04/2022 21:08:20,86280,3,questionnaire-j7ji,,21399393,BLIND,6330692,,complete,,,mobile,Apple iPhone,iOS 15.1,Mobile Safari 15.1,375x812,375x634,,Ethics Dark Patterns,4,No,response-3,"""No I don't want to protect my $350 trip"""
7,1650506903062,21/04/2022 02:08:23,1650506900977,-5,20/04/2022 21:08:20,86280,3,questionnaire-j7ji,,21399393,BLIND,6330692,,complete,,,mobile,Apple iPhone,iOS 15.1,Mobile Safari 15.1,375x812,375x634,,Ethics Dark Patterns,4,No,response-3-quantised,2
8,1650506903062,21/04/2022 02:08:23,1650506900977,-5,20/04/2022 21:08:20,86280,3,questionnaire-j7ji,,21399393,BLIND,6330692,,complete,,,mobile,Apple iPhone,iOS 15.1,Mobile Safari 15.1,375x812,375x634,,Ethics Dark Patterns,4,No,response-4,travel insurance 
9,1650506903062,21/04/2022 02:08:23,1650506900977,-5,20/04/2022 21:08:20,86280,3,questionnaire-j7ji,,21399393,BLIND,6330692,,complete,,,mobile,Apple iPhone,iOS 15.1,Mobile Safari 15.1,375x812,375x634,,Ethics Dark Patterns,4,No,response-5-hour,09
10,1650506903062,21/04/2022 02:08:23,1650506900977,-5,20/04/2022 21:08:20,86280,3,questionnaire-j7ji,,21399393,BLIND,6330692,,complete,,,mobile,Apple iPhone,iOS 15.1,Mobile Safari 15.1,375x812,375x634,,Ethics Dark Patterns,4,No,response-5-minute,07
11,1650506903062,21/04/2022 02:08:23,1650506900978,-5,20/04/2022 21:08:20,86280,3,questionnaire-j7ji,,21399393,BLIND,6330692,,complete,,,mobile,Apple iPhone,iOS 15.1,Mobile Safari 15.1,375x812,375x634,,Ethics Dark Patterns,4,No,response-6,Do not purchase Optional Flight Protection for $30
12,1650506903062,21/04/2022 02:08:23,1650506900978,-5,20/04/2022 21:08:20,86280,3,questionnaire-j7ji,,21399393,BLIND,6330692,,complete,,,mobile,Apple iPhone,iOS 15.1,Mobile Safari 15.1,375x812,375x634,,Ethics Dark Patterns,4,No,response-6-quantised,2
13,1650506903062,21/04/2022 02:08:23,1650506900978,-5,20/04/2022 21:08:20,86280,3,questionnaire-j7ji,,21399393,BLIND,6330692,,complete,,,mobile,Apple iPhone,iOS 15.1,Mobile Safari 15.1,375x812,375x634,,Ethics Dark Patterns,4,No,response-7,travel insurance / potential priority perks 
14,1650506903062,21/04/2022 02:08:23,1650506900978,-5,20/04/2022 21:08:20,86280,3,questionnaire-j7ji,,21399393,BLIND,6330692,,complete,,,mobile,Apple iPhone,iOS 15.1,Mobile Safari 15.1,375x812,375x634,,Ethics Dark Patterns,4,No,response-8-hour,09
15,1650506903062,21/04/2022 02:08:23,1650506900978,-5,20/04/2022 21:08:20,86280,3,questionnaire-j7ji,,21399393,BLIND,6330692,,complete,,,mobile,Apple iPhone,iOS 15.1,Mobile Safari 15.1,375x812,375x634,,Ethics Dark Patterns,4,No,response-8-minute,08
16,1650506903062,21/04/2022 02:08:23,1650506900979,-5,20/04/2022 21:08:20,86280,3,questionnaire-j7ji,,21399393,BLIND,6330692,,complete,,,mobile,Apple iPhone,iOS 15.1,Mobile Safari 15.1,375x812,375x634,,Ethics Dark Patterns,4,No,END QUESTIONNAIRE,116639
1,1650506581675,21/04/2022 02:03:01,1650506581553,-5,20/04/2022 21:03:01,86280,3,questionnaire-j7ji,,21399378,BLIND,6330688,,complete,,,mobile,Apple iPhone,iOS 15.4.1,Mobile Safari 15.4,390x844,390x663,,Ethics Dark Patterns,4,No,BEGIN QUESTIONNAIRE,
2,1650506734560,21/04/2022 02:05:34,1650506734133,-5,20/04/2022 21:05:34,86280,3,questionnaire-j7ji,,21399378,BLIND,6330688,,complete,,,mobile,Apple iPhone,iOS 15.4.1,Mobile Safari 15.4,390x844,390x663,,Ethics Dark Patterns,4,No,response-1,18-24 years old
3,1650506734715,21/04/2022 02:05:34,1650506734137,-5,20/04/2022 21:05:34,86280,3,questionnaire-j7ji,,21399378,BLIND,6330688,,complete,,,mobile,Apple iPhone,iOS 15.4.1,Mobile Safari 15.4,390x844,390x663,,Ethics Dark Patterns,4,No,response-1-quantised,3
4,1650506734715,21/04/2022 02:05:34,1650506734137,-5,20/04/2022 21:05:34,86280,3,questionnaire-j7ji,,21399378,BLIND,6330688,,complete,,,mobile,Apple iPhone,iOS 15.4.1,Mobile Safari 15.4,390x844,390x663,,Ethics Dark Patterns,4,No,response-2-hour,21
5,1650506734715,21/04/2022 02:05:34,1650506734137,-5,20/04/2022 21:05:34,86280,3,questionnaire-j7ji,,21399378,BLIND,6330688,,complete,,,mobile,Apple iPhone,iOS 15.4.1,Mobile Safari 15.4,390x844,390x663,,Ethics Dark Patterns,4,No,response-2-minute,03
6,1650506734715,21/04/2022 02:05:34,1650506734137,-5,20/04/2022 21:05:34,86280,3,questionnaire-j7ji,,21399378,BLIND,6330688,,complete,,,mobile,Apple iPhone,iOS 15.4.1,Mobile Safari 15.4,390x844,390x663,,Ethics Dark Patterns,4,No,response-3,"""No I don't want to protect my $350 trip"""
7,1650506734715,21/04/2022 02:05:34,1650506734137,-5,20/04/2022 21:05:34,86280,3,questionnaire-j7ji,,21399378,BLIND,6330688,,complete,,,mobile,Apple iPhone,iOS 15.4.1,Mobile Safari 15.4,390x844,390x663,,Ethics Dark Patterns,4,No,response-3-quantised,2
8,1650506734715,21/04/2022 02:05:34,1650506734137,-5,20/04/2022 21:05:34,86280,3,questionnaire-j7ji,,21399378,BLIND,6330688,,complete,,,mobile,Apple iPhone,iOS 15.4.1,Mobile Safari 15.4,390x844,390x663,,Ethics Dark Patterns,4,No,response-4,"Flight insurance, that ill be reimbursed if the flight gets cancelled, too full, weather"
9,1650506734715,21/04/2022 02:05:34,1650506734137,-5,20/04/2022 21:05:34,86280,3,questionnaire-j7ji,,21399378,BLIND,6330688,,complete,,,mobile,Apple iPhone,iOS 15.4.1,Mobile Safari 15.4,390x844,390x663,,Ethics Dark Patterns,4,No,response-5-hour,21
10,1650506734715,21/04/2022 02:05:34,1650506734137,-5,20/04/2022 21:05:34,86280,3,questionnaire-j7ji,,21399378,BLIND,6330688,,complete,,,mobile,Apple iPhone,iOS 15.4.1,Mobile Safari 15.4,390x844,390x663,,Ethics Dark Patterns,4,No,response-5-minute,04
11,1650506734715,21/04/2022 02:05:34,1650506734137,-5,20/04/2022 21:05:34,86280,3,questionnaire-j7ji,,21399378,BLIND,6330688,,complete,,,mobile,Apple iPhone,iOS 15.4.1,Mobile Safari 15.4,390x844,390x663,,Ethics Dark Patterns,4,No,response-6,Do not purchase Optional Flight Protection for $30
12,1650506734715,21/04/2022 02:05:34,1650506734138,-5,20/04/2022 21:05:34,86280,3,questionnaire-j7ji,,21399378,BLIND,6330688,,complete,,,mobile,Apple iPhone,iOS 15.4.1,Mobile Safari 15.4,390x844,390x663,,Ethics Dark Patterns,4,No,response-6-quantised,2
13,1650506734715,21/04/2022 02:05:34,1650506734138,-5,20/04/2022 21:05:34,86280,3,questionnaire-j7ji,,21399378,BLIND,6330688,,complete,,,mobile,Apple iPhone,iOS 15.4.1,Mobile Safari 15.4,390x844,390x663,,Ethics Dark Patterns,4,No,response-7,"the same thing, flight insurance incase of cancellation "
14,1650506734715,21/04/2022 02:05:34,1650506734138,-5,20/04/2022 21:05:34,86280,3,questionnaire-j7ji,,21399378,BLIND,6330688,,complete,,,mobile,Apple iPhone,iOS 15.4.1,Mobile Safari 15.4,390x844,390x663,,Ethics Dark Patterns,4,No,response-8-hour,21
15,1650506734715,21/04/2022 02:05:34,1650506734138,-5,20/04/2022 21:05:34,86280,3,questionnaire-j7ji,,21399378,BLIND,6330688,,complete,,,mobile,Apple iPhone,iOS 15.4.1,Mobile Safari 15.4,390x844,390x663,,Ethics Dark Patterns,4,No,response-8-minute,05
16,1650506734715,21/04/2022 02:05:34,1650506734138,-5,20/04/2022 21:05:34,86280,3,questionnaire-j7ji,,21399378,BLIND,6330688,,complete,,,mobile,Apple iPhone,iOS 15.4.1,Mobile Safari 15.4,390x844,390x663,,Ethics Dark Patterns,4,No,END QUESTIONNAIRE,152585
1,1650511661109,21/04/2022 03:27:41,1650511660937,-5,20/04/2022 22:27:40,86280,3,questionnaire-j7ji,,21399819,BLIND,6330780,,live,,,mobile,Apple iPhone,iOS 15.4.1,Mobile Safari 15.4,375x667,375x508,,Ethics Dark Patterns,4,No,BEGIN QUESTIONNAIRE,
1,1650511393691,21/04/2022 03:23:13,1650511393522,-5,20/04/2022 22:23:13,86280,3,questionnaire-j7ji,,21399801,BLIND,6330770,,complete,,,mobile,Apple iPhone,iOS 15.4.1,Mobile Safari 15.4,375x667,375x508,,Ethics Dark Patterns,4,No,BEGIN QUESTIONNAIRE,
2,1650511626411,21/04/2022 03:27:06,1650511625775,-5,20/04/2022 22:27:05,86280,3,questionnaire-j7ji,,21399801,BLIND,6330770,,complete,,,mobile,Apple iPhone,iOS 15.4.1,Mobile Safari 15.4,375x667,375x508,,Ethics Dark Patterns,4,No,response-1,18-24 years old
3,1650511626554,21/04/2022 03:27:06,1650511625810,-5,20/04/2022 22:27:05,86280,3,questionnaire-j7ji,,21399801,BLIND,6330770,,complete,,,mobile,Apple iPhone,iOS 15.4.1,Mobile Safari 15.4,375x667,375x508,,Ethics Dark Patterns,4,No,response-1-quantised,3
4,1650511626554,21/04/2022 03:27:06,1650511625810,-5,20/04/2022 22:27:05,86280,3,questionnaire-j7ji,,21399801,BLIND,6330770,,complete,,,mobile,Apple iPhone,iOS 15.4.1,Mobile Safari 15.4,375x667,375x508,,Ethics Dark Patterns,4,No,response-2-hour,22
5,1650511626554,21/04/2022 03:27:06,1650511625810,-5,20/04/2022 22:27:05,86280,3,questionnaire-j7ji,,21399801,BLIND,6330770,,complete,,,mobile,Apple iPhone,iOS 15.4.1,Mobile Safari 15.4,375x667,375x508,,Ethics Dark Patterns,4,No,response-2-minute,23
6,1650511626554,21/04/2022 03:27:06,1650511625811,-5,20/04/2022 22:27:05,86280,3,questionnaire-j7ji,,21399801,BLIND,6330770,,complete,,,mobile,Apple iPhone,iOS 15.4.1,Mobile Safari 15.4,375x667,375x508,,Ethics Dark Patterns,4,No,response-3,"""No I don't want to protect my $350 trip"""
7,1650511626554,21/04/2022 03:27:06,1650511625811,-5,20/04/2022 22:27:05,86280,3,questionnaire-j7ji,,21399801,BLIND,6330770,,complete,,,mobile,Apple iPhone,iOS 15.4.1,Mobile Safari 15.4,375x667,375x508,,Ethics Dark Patterns,4,No,response-3-quantised,2
8,1650511626554,21/04/2022 03:27:06,1650511625811,-5,20/04/2022 22:27:05,86280,3,questionnaire-j7ji,,21399801,BLIND,6330770,,complete,,,mobile,Apple iPhone,iOS 15.4.1,Mobile Safari 15.4,375x667,375x508,,Ethics Dark Patterns,4,No,response-4,Flight protection
9,1650511626554,21/04/2022 03:27:06,1650511625811,-5,20/04/2022 22:27:05,86280,3,questionnaire-j7ji,,21399801,BLIND,6330770,,complete,,,mobile,Apple iPhone,iOS 15.4.1,Mobile Safari 15.4,375x667,375x508,,Ethics Dark Patterns,4,No,response-5-hour,22
10,1650511626554,21/04/2022 03:27:06,1650511625811,-5,20/04/2022 22:27:05,86280,3,questionnaire-j7ji,,21399801,BLIND,6330770,,complete,,,mobile,Apple iPhone,iOS 15.4.1,Mobile Safari 15.4,375x667,375x508,,Ethics Dark Patterns,4,No,response-5-minute,23
11,1650511626554,21/04/2022 03:27:06,1650511625811,-5,20/04/2022 22:27:05,86280,3,questionnaire-j7ji,,21399801,BLIND,6330770,,complete,,,mobile,Apple iPhone,iOS 15.4.1,Mobile Safari 15.4,375x667,375x508,,Ethics Dark Patterns,4,No,response-6,Do not purchase Optional Flight Protection for $30
12,1650511626554,21/04/2022 03:27:06,1650511625811,-5,20/04/2022 22:27:05,86280,3,questionnaire-j7ji,,21399801,BLIND,6330770,,complete,,,mobile,Apple iPhone,iOS 15.4.1,Mobile Safari 15.4,375x667,375x508,,Ethics Dark Patterns,4,No,response-6-quantised,2
13,1650511626554,21/04/2022 03:27:06,1650511625811,-5,20/04/2022 22:27:05,86280,3,questionnaire-j7ji,,21399801,BLIND,6330770,,complete,,,mobile,Apple iPhone,iOS 15.4.1,Mobile Safari 15.4,375x667,375x508,,Ethics Dark Patterns,4,No,response-7,Flight protection
14,1650511626554,21/04/2022 03:27:06,1650511625811,-5,20/04/2022 22:27:05,86280,3,questionnaire-j7ji,,21399801,BLIND,6330770,,complete,,,mobile,Apple iPhone,iOS 15.4.1,Mobile Safari 15.4,375x667,375x508,,Ethics Dark Patterns,4,No,response-8-hour,22
15,1650511626554,21/04/2022 03:27:06,1650511625811,-5,20/04/2022 22:27:05,86280,3,questionnaire-j7ji,,21399801,BLIND,6330770,,complete,,,mobile,Apple iPhone,iOS 15.4.1,Mobile Safari 15.4,375x667,375x508,,Ethics Dark Patterns,4,No,response-8-minute,23
16,1650511626554,21/04/2022 03:27:06,1650511625811,-5,20/04/2022 22:27:05,86280,3,questionnaire-j7ji,,21399801,BLIND,6330770,,complete,,,mobile,Apple iPhone,iOS 15.4.1,Mobile Safari 15.4,375x667,375x508,,Ethics Dark Patterns,4,No,END QUESTIONNAIRE,232289
1,1650508492092,21/04/2022 02:34:52,1650508491922,-5,20/04/2022 21:34:51,86280,3,questionnaire-j7ji,,21399572,BLIND,6330725,,complete,,,mobile,Apple iPhone,iOS 15.3.1,Mobile Safari 15.3,428x926,428x746,,Ethics Dark Patterns,4,No,BEGIN QUESTIONNAIRE,
2,1650508556266,21/04/2022 02:35:56,1650508555722,-5,20/04/2022 21:35:55,86280,3,questionnaire-j7ji,,21399572,BLIND,6330725,,complete,,,mobile,Apple iPhone,iOS 15.3.1,Mobile Safari 15.3,428x926,428x746,,Ethics Dark Patterns,4,No,response-1,18-24 years old
3,1650508556471,21/04/2022 02:35:56,1650508555725,-5,20/04/2022 21:35:55,86280,3,questionnaire-j7ji,,21399572,BLIND,6330725,,complete,,,mobile,Apple iPhone,iOS 15.3.1,Mobile Safari 15.3,428x926,428x746,,Ethics Dark Patterns,4,No,response-1-quantised,3
4,1650508556471,21/04/2022 02:35:56,1650508555725,-5,20/04/2022 21:35:55,86280,3,questionnaire-j7ji,,21399572,BLIND,6330725,,complete,,,mobile,Apple iPhone,iOS 15.3.1,Mobile Safari 15.3,428x926,428x746,,Ethics Dark Patterns,4,No,response-2-hour,09
5,1650508556471,21/04/2022 02:35:56,1650508555725,-5,20/04/2022 21:35:55,86280,3,questionnaire-j7ji,,21399572,BLIND,6330725,,complete,,,mobile,Apple iPhone,iOS 15.3.1,Mobile Safari 15.3,428x926,428x746,,Ethics Dark Patterns,4,No,response-2-minute,34
6,1650508556471,21/04/2022 02:35:56,1650508555725,-5,20/04/2022 21:35:55,86280,3,questionnaire-j7ji,,21399572,BLIND,6330725,,complete,,,mobile,Apple iPhone,iOS 15.3.1,Mobile Safari 15.3,428x926,428x746,,Ethics Dark Patterns,4,No,response-3,"""No I don't want to protect my $350 trip"""
7,1650508556471,21/04/2022 02:35:56,1650508555725,-5,20/04/2022 21:35:55,86280,3,questionnaire-j7ji,,21399572,BLIND,6330725,,complete,,,mobile,Apple iPhone,iOS 15.3.1,Mobile Safari 15.3,428x926,428x746,,Ethics Dark Patterns,4,No,response-3-quantised,2
8,1650508556471,21/04/2022 02:35:56,1650508555725,-5,20/04/2022 21:35:55,86280,3,questionnaire-j7ji,,21399572,BLIND,6330725,,complete,,,mobile,Apple iPhone,iOS 15.3.1,Mobile Safari 15.3,428x926,428x746,,Ethics Dark Patterns,4,No,response-4,Insurance
9,1650508556471,21/04/2022 02:35:56,1650508555725,-5,20/04/2022 21:35:55,86280,3,questionnaire-j7ji,,21399572,BLIND,6330725,,complete,,,mobile,Apple iPhone,iOS 15.3.1,Mobile Safari 15.3,428x926,428x746,,Ethics Dark Patterns,4,No,response-5-hour,09
10,1650508556471,21/04/2022 02:35:56,1650508555725,-5,20/04/2022 21:35:55,86280,3,questionnaire-j7ji,,21399572,BLIND,6330725,,complete,,,mobile,Apple iPhone,iOS 15.3.1,Mobile Safari 15.3,428x926,428x746,,Ethics Dark Patterns,4,No,response-5-minute,35
11,1650508556471,21/04/2022 02:35:56,1650508555726,-5,20/04/2022 21:35:55,86280,3,questionnaire-j7ji,,21399572,BLIND,6330725,,complete,,,mobile,Apple iPhone,iOS 15.3.1,Mobile Safari 15.3,428x926,428x746,,Ethics Dark Patterns,4,No,response-6,Purchase Optional Flight Protection for $30
12,1650508556471,21/04/2022 02:35:56,1650508555726,-5,20/04/2022 21:35:55,86280,3,questionnaire-j7ji,,21399572,BLIND,6330725,,complete,,,mobile,Apple iPhone,iOS 15.3.1,Mobile Safari 15.3,428x926,428x746,,Ethics Dark Patterns,4,No,response-6-quantised,1
13,1650508556471,21/04/2022 02:35:56,1650508555726,-5,20/04/2022 21:35:55,86280,3,questionnaire-j7ji,,21399572,BLIND,6330725,,complete,,,mobile,Apple iPhone,iOS 15.3.1,Mobile Safari 15.3,428x926,428x746,,Ethics Dark Patterns,4,No,response-7,Insurance
14,1650508556471,21/04/2022 02:35:56,1650508555726,-5,20/04/2022 21:35:55,86280,3,questionnaire-j7ji,,21399572,BLIND,6330725,,complete,,,mobile,Apple iPhone,iOS 15.3.1,Mobile Safari 15.3,428x926,428x746,,Ethics Dark Patterns,4,No,response-8-hour,09
15,1650508556471,21/04/2022 02:35:56,1650508555726,-5,20/04/2022 21:35:55,86280,3,questionnaire-j7ji,,21399572,BLIND,6330725,,complete,,,mobile,Apple iPhone,iOS 15.3.1,Mobile Safari 15.3,428x926,428x746,,Ethics Dark Patterns,4,No,response-8-minute,35
16,1650508556471,21/04/2022 02:35:56,1650508555726,-5,20/04/2022 21:35:55,86280,3,questionnaire-j7ji,,21399572,BLIND,6330725,,complete,,,mobile,Apple iPhone,iOS 15.3.1,Mobile Safari 15.3,428x926,428x746,,Ethics Dark Patterns,4,No,END QUESTIONNAIRE,63804
1,1650508488850,21/04/2022 02:34:48,1650508488631,-5,20/04/2022 21:34:48,86280,3,questionnaire-j7ji,,21399570,BLIND,6330723,,complete,,,mobile,Apple iPhone,iOS 15.4.1,Mobile Safari 15.4,414x736,414x527,,Ethics Dark Patterns,4,No,BEGIN QUESTIONNAIRE,
2,1650508790842,21/04/2022 02:39:50,1650508789825,-5,20/04/2022 21:39:49,86280,3,questionnaire-j7ji,,21399570,BLIND,6330723,,complete,,,mobile,Apple iPhone,iOS 15.4.1,Mobile Safari 15.4,414x736,414x527,,Ethics Dark Patterns,4,No,response-1,Over 74 years old
3,1650508791028,21/04/2022 02:39:51,1650508789828,-5,20/04/2022 21:39:49,86280,3,questionnaire-j7ji,,21399570,BLIND,6330723,,complete,,,mobile,Apple iPhone,iOS 15.4.1,Mobile Safari 15.4,414x736,414x527,,Ethics Dark Patterns,4,No,response-1-quantised,9
4,1650508791028,21/04/2022 02:39:51,1650508789828,-5,20/04/2022 21:39:49,86280,3,questionnaire-j7ji,,21399570,BLIND,6330723,,complete,,,mobile,Apple iPhone,iOS 15.4.1,Mobile Safari 15.4,414x736,414x527,,Ethics Dark Patterns,4,No,response-2-hour,09
5,1650508791028,21/04/2022 02:39:51,1650508789828,-5,20/04/2022 21:39:49,86280,3,questionnaire-j7ji,,21399570,BLIND,6330723,,complete,,,mobile,Apple iPhone,iOS 15.4.1,Mobile Safari 15.4,414x736,414x527,,Ethics Dark Patterns,4,No,response-2-minute,36
6,1650508791028,21/04/2022 02:39:51,1650508789828,-5,20/04/2022 21:39:49,86280,3,questionnaire-j7ji,,21399570,BLIND,6330723,,complete,,,mobile,Apple iPhone,iOS 15.4.1,Mobile Safari 15.4,414x736,414x527,,Ethics Dark Patterns,4,No,response-3,"""No I don't want to protect my $350 trip"""
7,1650508791028,21/04/2022 02:39:51,1650508789828,-5,20/04/2022 21:39:49,86280,3,questionnaire-j7ji,,21399570,BLIND,6330723,,complete,,,mobile,Apple iPhone,iOS 15.4.1,Mobile Safari 15.4,414x736,414x527,,Ethics Dark Patterns,4,No,response-3-quantised,2
8,1650508791028,21/04/2022 02:39:51,1650508789828,-5,20/04/2022 21:39:49,86280,3,questionnaire-j7ji,,21399570,BLIND,6330723,,complete,,,mobile,Apple iPhone,iOS 15.4.1,Mobile Safari 15.4,414x736,414x527,,Ethics Dark Patterns,4,No,response-4,did not purchasing
9,1650508791028,21/04/2022 02:39:51,1650508789828,-5,20/04/2022 21:39:49,86280,3,questionnaire-j7ji,,21399570,BLIND,6330723,,complete,,,mobile,Apple iPhone,iOS 15.4.1,Mobile Safari 15.4,414x736,414x527,,Ethics Dark Patterns,4,No,response-5-hour,09
10,1650508791028,21/04/2022 02:39:51,1650508789828,-5,20/04/2022 21:39:49,86280,3,questionnaire-j7ji,,21399570,BLIND,6330723,,complete,,,mobile,Apple iPhone,iOS 15.4.1,Mobile Safari 15.4,414x736,414x527,,Ethics Dark Patterns,4,No,response-5-minute,40
11,1650508791028,21/04/2022 02:39:51,1650508789828,-5,20/04/2022 21:39:49,86280,3,questionnaire-j7ji,,21399570,BLIND,6330723,,complete,,,mobile,Apple iPhone,iOS 15.4.1,Mobile Safari 15.4,414x736,414x527,,Ethics Dark Patterns,4,No,response-6,Do not purchase Optional Flight Protection for $30
12,1650508791028,21/04/2022 02:39:51,1650508789828,-5,20/04/2022 21:39:49,86280,3,questionnaire-j7ji,,21399570,BLIND,6330723,,complete,,,mobile,Apple iPhone,iOS 15.4.1,Mobile Safari 15.4,414x736,414x527,,Ethics Dark Patterns,4,No,response-6-quantised,2
13,1650508791028,21/04/2022 02:39:51,1650508789830,-5,20/04/2022 21:39:49,86280,3,questionnaire-j7ji,,21399570,BLIND,6330723,,complete,,,mobile,Apple iPhone,iOS 15.4.1,Mobile Safari 15.4,414x736,414x527,,Ethics Dark Patterns,4,No,response-7,did not purchase
14,1650508791028,21/04/2022 02:39:51,1650508789830,-5,20/04/2022 21:39:49,86280,3,questionnaire-j7ji,,21399570,BLIND,6330723,,complete,,,mobile,Apple iPhone,iOS 15.4.1,Mobile Safari 15.4,414x736,414x527,,Ethics Dark Patterns,4,No,response-8-hour,09
15,1650508791028,21/04/2022 02:39:51,1650508789830,-5,20/04/2022 21:39:49,86280,3,questionnaire-j7ji,,21399570,BLIND,6330723,,complete,,,mobile,Apple iPhone,iOS 15.4.1,Mobile Safari 15.4,414x736,414x527,,Ethics Dark Patterns,4,No,response-8-minute,45
16,1650508791028,21/04/2022 02:39:51,1650508789830,-5,20/04/2022 21:39:49,86280,3,questionnaire-j7ji,,21399570,BLIND,6330723,,complete,,,mobile,Apple iPhone,iOS 15.4.1,Mobile Safari 15.4,414x736,414x527,,Ethics Dark Patterns,4,No,END QUESTIONNAIRE,301199
1,1650508155133,21/04/2022 02:29:15,1650508154978,-5,20/04/2022 21:29:14,86280,3,questionnaire-j7ji,,21399540,BLIND,6330720,,complete,,,mobile,Apple iPhone,iOS 15.2,Mobile Safari 15.2,390x844,390x624,,Ethics Dark Patterns,4,No,BEGIN QUESTIONNAIRE,
2,1650508267289,21/04/2022 02:31:07,1650508266696,-5,20/04/2022 21:31:06,86280,3,questionnaire-j7ji,,21399540,BLIND,6330720,,complete,,,mobile,Apple iPhone,iOS 15.2,Mobile Safari 15.2,390x844,390x624,,Ethics Dark Patterns,4,No,response-1,18-24 years old
3,1650508267519,21/04/2022 02:31:07,1650508266698,-5,20/04/2022 21:31:06,86280,3,questionnaire-j7ji,,21399540,BLIND,6330720,,complete,,,mobile,Apple iPhone,iOS 15.2,Mobile Safari 15.2,390x844,390x624,,Ethics Dark Patterns,4,No,response-1-quantised,3
4,1650508267519,21/04/2022 02:31:07,1650508266698,-5,20/04/2022 21:31:06,86280,3,questionnaire-j7ji,,21399540,BLIND,6330720,,complete,,,mobile,Apple iPhone,iOS 15.2,Mobile Safari 15.2,390x844,390x624,,Ethics Dark Patterns,4,No,response-2-hour,21
5,1650508267519,21/04/2022 02:31:07,1650508266699,-5,20/04/2022 21:31:06,86280,3,questionnaire-j7ji,,21399540,BLIND,6330720,,complete,,,mobile,Apple iPhone,iOS 15.2,Mobile Safari 15.2,390x844,390x624,,Ethics Dark Patterns,4,No,response-2-minute,29
6,1650508267519,21/04/2022 02:31:07,1650508266699,-5,20/04/2022 21:31:06,86280,3,questionnaire-j7ji,,21399540,BLIND,6330720,,complete,,,mobile,Apple iPhone,iOS 15.2,Mobile Safari 15.2,390x844,390x624,,Ethics Dark Patterns,4,No,response-3,"""Yes! Please protect my expensive trip for $30"""
7,1650508267519,21/04/2022 02:31:07,1650508266699,-5,20/04/2022 21:31:06,86280,3,questionnaire-j7ji,,21399540,BLIND,6330720,,complete,,,mobile,Apple iPhone,iOS 15.2,Mobile Safari 15.2,390x844,390x624,,Ethics Dark Patterns,4,No,response-3-quantised,1
8,1650508267519,21/04/2022 02:31:07,1650508266699,-5,20/04/2022 21:31:06,86280,3,questionnaire-j7ji,,21399540,BLIND,6330720,,complete,,,mobile,Apple iPhone,iOS 15.2,Mobile Safari 15.2,390x844,390x624,,Ethics Dark Patterns,4,No,response-4,trip insurance for $30 for $350 flight
9,1650508267519,21/04/2022 02:31:07,1650508266699,-5,20/04/2022 21:31:06,86280,3,questionnaire-j7ji,,21399540,BLIND,6330720,,complete,,,mobile,Apple iPhone,iOS 15.2,Mobile Safari 15.2,390x844,390x624,,Ethics Dark Patterns,4,No,response-5-hour,21
10,1650508267519,21/04/2022 02:31:07,1650508266699,-5,20/04/2022 21:31:06,86280,3,questionnaire-j7ji,,21399540,BLIND,6330720,,complete,,,mobile,Apple iPhone,iOS 15.2,Mobile Safari 15.2,390x844,390x624,,Ethics Dark Patterns,4,No,response-5-minute,30
11,1650508267519,21/04/2022 02:31:07,1650508266699,-5,20/04/2022 21:31:06,86280,3,questionnaire-j7ji,,21399540,BLIND,6330720,,complete,,,mobile,Apple iPhone,iOS 15.2,Mobile Safari 15.2,390x844,390x624,,Ethics Dark Patterns,4,No,response-6,Do not purchase Optional Flight Protection for $30
12,1650508267519,21/04/2022 02:31:07,1650508266699,-5,20/04/2022 21:31:06,86280,3,questionnaire-j7ji,,21399540,BLIND,6330720,,complete,,,mobile,Apple iPhone,iOS 15.2,Mobile Safari 15.2,390x844,390x624,,Ethics Dark Patterns,4,No,response-6-quantised,2
13,1650508267519,21/04/2022 02:31:07,1650508266699,-5,20/04/2022 21:31:06,86280,3,questionnaire-j7ji,,21399540,BLIND,6330720,,complete,,,mobile,Apple iPhone,iOS 15.2,Mobile Safari 15.2,390x844,390x624,,Ethics Dark Patterns,4,No,response-7,flight insurance
14,1650508267519,21/04/2022 02:31:07,1650508266699,-5,20/04/2022 21:31:06,86280,3,questionnaire-j7ji,,21399540,BLIND,6330720,,complete,,,mobile,Apple iPhone,iOS 15.2,Mobile Safari 15.2,390x844,390x624,,Ethics Dark Patterns,4,No,response-8-hour,21
15,1650508267519,21/04/2022 02:31:07,1650508266699,-5,20/04/2022 21:31:06,86280,3,questionnaire-j7ji,,21399540,BLIND,6330720,,complete,,,mobile,Apple iPhone,iOS 15.2,Mobile Safari 15.2,390x844,390x624,,Ethics Dark Patterns,4,No,response-8-minute,31
16,1650508267519,21/04/2022 02:31:07,1650508266699,-5,20/04/2022 21:31:06,86280,3,questionnaire-j7ji,,21399540,BLIND,6330720,,complete,,,mobile,Apple iPhone,iOS 15.2,Mobile Safari 15.2,390x844,390x624,,Ethics Dark Patterns,4,No,END QUESTIONNAIRE,111721
END OF FILE
